range,capacity,cost,velocity,config
1.134095073,5,3988.873779,11.36228085,"*aMM0++++++*bNM2++*cMN1++*dLM1+++*eML2+++*fNL1*gLN2*hMO2+*iOM1+^ab^ac^ad^ae^ef^dg^ch^bi,5,3"
2.466145515,20,4142.104492,9.869833946,"*aMM0++++*bNM1+++++*cMN2+++++*dLM2+++++*eML1+++++*fLN3++++++++*gNL3++++++++^ab^ac^ad^ae^cf^bg,20,3"
2.935428619,20,4145.700195,14.49721813,"*aMM0+++++*bNM2+++++*cMN1+++++*dLM2+++++*eML1+++++^ab^ac^ad^ae,20,3"
4.340017796,80,5437.668457,20.563591,"*aMM0-----*bNM2+++*cMN1+++*dLM2+++*eML1+++*fLN0+*gNL0+*hOM2++*iMO1++*jMK2++*kKM1++^ab^ac^ad^ae^df^eg^bh^ci^ej^dk^fc^gb,80,3"
4.589111805,32,3558.510986,21.45075226,"*aMM0---*bNM2+++*cMN1+++*dLM2+++*eML1+++*fLN0----*gNL0----^ab^ac^ad^ae^df^eg^cf,32,3"
4.808814049,23,3102.756348,11.57738781,"*aMM0+++*bNM2++*cMN1+++*dLM2++*eML1+++*fNL3++++++*gLN3++++++^ab^ac^ad^ae^bf^cg,23,3"
4.945235252,20,3935.289551,10.96713829,"*aMM0+++++*bNM1++++*cMN2++++*dLM1++++*eML2++++*fOM4*gKM4++*hMK4*iMO4*jNN4++*kLN3+*lNL3+^ab^ac^ad^ae^bf^dg^eh^ci^bj^ck^bl,20,3"
5.004795551,44,4274.816406,21.36375618,"*aMM0----*bNM2+++*cMN1+++*dLM2+++*eML1+++*fLN0-*gNL0-^ab^ac^ad^ae^df^eg^fc,44,3"
5.014784336,28,3445.277588,11.57120991,"*aMM0+++++*bNM1++*cMN1+++*dLM2++*eML2+++*fNL3----------*gLN3----------^ab^ac^ad^ae^ef^dg,28,3"
5.294682503,20,2940.69873,10.87124443,"*aMM0+++*bNM2++*cMN1++*dLM2++*eML1++*fNL3+*gLN3+^ab^ac^ad^ae^ef^dg,20,3"
5.50509119,20,3120.555176,11.96164322,"*aMM0++++*bNM2++*cMN1++*dLM2++*eML1++*fNL3-----*gLN3-----^ab^ac^ad^ae^ef^dg,20,3"
5.537545681,15,6826.038574,15.11631584,"*aMM0++++*bNM2++*cMN1++*dLM2+++*eML1++*fLN0++*gNL0++*iLL2+*hNN1+^ab^ac^ad^ae^df^eg^fc^gb^ch^bh^ei^di,15,3"
5.621313572,28,3457.69873,11.93711472,"*aMM0+++++*bNM1++*cMN1+++*dLM2++*eML2+++*fNL3--------*gLN3--------^ab^ac^ad^ae^ef^dg,28,3"
5.873788357,30,3763.893311,21.67707062,"*aMM0+*bNM2+++*cMN1+++*dLM2+++*eML1+++*fNL0------*gLN0------^ab^ac^ad^ae^bf^cg,30,3"
5.873791695,30,3763.893311,21.67697144,"*aMM0+*bNM2+++*cMN1+++*dLM2+++*eML1+++*fNL0------*gLN0------^ab^ac^ad^ae^bf^cg,30,3"
5.936053276,65,5278.418457,23.27335739,"*aMM0-----*bNM2+*cMN1+*dLM2+*eML1+*fMO1+++*gKM2+++*hMK1+++*iOM2+++*jNL0+*kLN0+^ab^ac^ad^ae^cf^dg^eh^bi^ej^dk,65,3"
6.058351994,15,4030.37207,16.95906639,"*aMM0++++++*bNM2++++*cMN1++++*dLM2++++*eML1++++^ab^ac^ad^ae,15,3"
6.060209274,25,3263.670898,13.69196224,"*aMM0++++*bNM2++*cMN2+++*dLM1++*eML1+++*fLN3-*gNL3-^ab^ac^ad^ae^df^eg^bg,25,3"
6.103415012,26,3332.544922,11.75430679,"*aMM0++++*bNM1++*cMN1+++*dLM2++*eML2+++*fNL3++++++*gLN3++++++^ab^ac^ad^ae^bf^cg,26,3"
6.816373348,96,6745.262695,20.40172005,"*aMM0++*bNM2+++*cMN1+++*dLM2+++*eML1+++*fLN0+*gNL0+*hOM1+++*iMO2+++*jMK2+++*kKM1+++^ab^ac^ad^ae^df^eg^bh^ci^ej^dk^fc^gb,96,3"
6.938835621,10,3520.908691,10.65471745,"*aMM0+++*bNM1++++*cMN2++++*dLM2++++*eML1++++*fLN3+++++++*gNL3+++++++^ab^ac^ad^ae^cf^bg,10,3"
7.139707088,21,3126.083984,13.64461327,"*aMM0-----*bNM2++*cMN1++*dLM2++*eML1++*fOM2*gNN0------*hNL3*iMO1*jLN3*kKM2*lLL0------*mMK1*nLO4*oOL4*pKN4*qNK4^ab^ac^ad^ae^bf^bg^bh^ci^cj^dk^dl^em^in^ho^kp^cg^dj^eh^jn^fo^mq,21,3"
7.204419613,97,9654.09375,7.120690346,"*aMM0+++++++++++++++++*bNM2++++*cMN1++++*dLM2++++*eML1++++*fLL2++*gNN2++*hNL1++*iLN1++*jKM1+++*kMO2+++*lOM1+++*mMK2+++^ab^ac^ad^ae^df^cg^eh^di^dj^ck^bl^em^ef^bg^bh^ci,97,3"
7.728058815,5,4145.700195,20.83709717,"*aMM0+++++*bNM2+++++*cMN1+++++*dLM2+++++*eML1+++++^ab^ac^ad^ae,5,3"
7.906921387,20,4355.065918,11.23584461,"*aMM0+++++*bNM4++++*cMN4++++*dLM4++++*eML4++++*fOM1+++++*gKM1+++++*hMK2+++++*iMO2+++++*jNN4++*kLN3+++++*lNL3+++++^ab^ac^ad^ae^bf^dg^eh^ci^bj^ck^bl,20,3"
7.976199627,10,4030.37207,18.36781883,"*aMM0++++++*bNM2++++*cMN1++++*dLM2++++*eML1++++^ab^ac^ad^ae,10,3"
8.29061985,16,2939.949463,9.577708244,"*aMM0++*bNM2++*cMN1++*dLM2++*eML1++*fNL3++++++++++++++++++*gLN3++++++++++++++++++^ab^ac^ad^ae^ef^dg,16,3"
8.380192757,8,2117.374023,11.19953346,"*aMM0*bNM2+*cMN1+*dLM2+*eML1+*fNL3--------*gLN3--------^ab^ac^ad^ae^ef^dg,8,3"
8.396873474,53,5156.891113,25.57972145,"*aMM0---*bNM2+*cMN1+*dLM2+*eML1+*fMO1+++*gKM2+++*hMK1+++*iOM2+++*jNL0*kLN0^ab^ac^ad^ae^cf^dg^eh^bi^ej^dk^jb^kc,53,3"
8.437158585,32,3915.212158,17.92652702,"*aMM0---*bNM2++*cMN1++*dLM2++*eML1++*fOM2+*gNN0----*hNL3*iMO1+*jLN3*kKM2+*lLL0----*mMK1+*nLO4*oOL4*pKN4*qNK4^ab^ac^ad^ae^bf^bg^bh^ci^cj^dk^dl^em^in^ho^kp^mq^cg^dj^eh^jn^fo^pj^hq^le,32,3"
9.073893547,32,4159.263184,28.42606926,"*aMM0-----*bNM2+++*cMN1+++*dLM2+++*eML1+++*fLN0-*gNL0-^ab^ac^ad^ae^df^eg^cf^gb,32,3"
9.102334023,79,6547.679199,23.44331169,"*aMM0+*bNM2+++*cMN1+++*dLM2+++*eML1+++*fLN0+*gNL0+*hOM1+++*iMO2+++*jMK2+++*kKM1+++^ab^ac^ad^ae^df^eg^bh^ci^ej^dk^fc^gb,79,3"
9.186551094,12,2934.171631,9.735795021,"*aMM0++++*bNM1+*cMN2+*dLM1+*eML2+*fNL3---------*gLN3---------^ab^ac^ad^ae^ef^dg,12,3"
9.641415596,31,4159.263184,28.83623314,"*aMM0-----*bNM2+++*cMN1+++*dLM2+++*eML1+++*fLN0-*gNL0-*hNN4*iLL4^ab^ac^ad^ae^df^eg^ch^di^ei,31,3"
9.641521454,31,4159.263184,28.8364315,"*aMM0-----*bNM2+++*cMN1+++*dLM2+++*eML1+++*fLN0-*gNL0-*hNN4*iLL4^ab^ac^ad^ae^df^eg^ch^di^ei^bg^fc^hb,31,3"
9.747408867,20,3591.671875,24.85513687,"*aMM0---*bNM2++*cMN1++*dLM2++*eML1++*fNL0---*gLN0---^ab^ac^ad^ae^ef^dg,20,3"
9.771212578,5,3679.574219,20.28010178,"*aMM0+++++*bNM2+++*cMN1+++*dLM2+++*eML1+++*fNL2+*gLN1+^ab^ac^ad^ae^ef^fb^dg^gc,5,3"
9.800227165,10,4315.040039,11.36419296,"*aMM0+++++*bNM2+++++*cMN1+++++*dLM2+++++*eML1+++++*fNL3+*gLN3+^ab^ac^ad^ae^bf^cg,10,3"
9.89068985,71,6365.286621,24.9581852,"*aMM0*bNM2+++*cMN1+++*dLM2+++*eML1+++*fLN0+*gNL0+*hOM1+++*iMO2+++*jMK2+++*kKM1+++^ab^ac^ad^ae^df^eg^bh^ci^ej^dk^fc^gb,71,3"
10,5,3470.200439,20,"*aMM0+++++*bNM2+++*cMN1+++*dLM2+++*eML1+++^ab^ac^ad^ae,5,3"
10.02470779,61,6623.888672,28.01984406,"*aMM0----*bNM2+++++*cMN1+++++*dLM2+++++*eML1+++++*fLN0++*gNL0++*hOM1++*iMO2++*jMK2++*kKM1++^ab^ac^ad^ae^df^eg^bh^ci^ej^dk^fc^gb,61,3"
10.10049725,75,6438.810059,26.37764168,"*aMM0--*bNM2+++*cMN1+++*dLM2+++*eML1+++*fLN0++*gNL0++*hOM1+++*iMO2+++*jMK2+++*kKM1+++^ab^ac^ad^ae^df^eg^bh^ci^ej^dk^fc^gb,75,3"
10.30806637,80,6760.454102,24.71838951,"*aMM0*bNM2+++*cMN1+++*dLM2+++*eML1+++*fLN0++*gNL0++*hOM1+++*iMO2+++*jMK2+++*kKM1+++^ab^ac^ad^ae^df^eg^bh^ci^ej^dk^fc^gb,80,3"
10.53382015,5,1920.538086,11.25035191,"*aMM0-*bNM2+*cMN1+*dLM2+*eML1+*fLN3-------------*gNL3-------------^ab^ac^ad^ae^df^bg,5,3"
10.88930225,26,3509.80835,12.67741013,"*aMM0--*bNM2++*cMN1++*dLM2++*eML1++*fOM2*gNN0------*hNL3*iMO1*jLN3*kKM2*lLL0------*mMK1*nLO4*oOL4*pKN4*qNK4^ab^ac^ad^ae^bf^bg^bh^ci^cj^dk^dl^em^in^ho^kp^mq^cg^dj^eh^jn^fo,26,3"
11.01992512,61,5948.388184,28.75018501,"*aMM0----*bNM2+++*cMN1+++*dLM2+++*eML1+++*fLN0++*gNL0++*hOM1++*iMO2++*jMK2++*kKM1++^ab^ac^ad^ae^df^eg^bh^ci^ej^dk^fc^gb,61,3"
11.21867847,20,4284.958984,9.702569008,"*aMM0+++++++*bNM4*cMN4*dLM4*eML4*fKM2+++*gMK1+++*hMO1+++*iOM2+++*jNN4*kLL4*lLN3++++++++++*mNL3++++++++++^ab^ac^ad^ae^df^eg^ch^bi^bj^dk^cl^bm^cj^ke^ld^me,20,3"
11.24586964,51,5619.000977,26.55579567,"*aMM0*bNM2+*cMN1+*dLM2+*eML1+*fMO1+++*gKM2+++*hMK1+++*iOM2+++*jNL0*kLN0^ab^ac^ad^ae^cf^dg^eh^bi^ej^dk,51,3"
11.67621136,63,6298.344727,28.58433533,"*aMM0---*bNM2+++*cMN1+++*dLM2+++*eML1+++*fLN0++*gNL0++*hOM1+++*iMO2+++*jMK2+++*kKM1+++^ab^ac^ad^ae^df^eg^bh^ci^ej^dk^fc^gb,63,3"
12.05931664,30,4935.855957,26.74483299,"*aMM0+*bNM2+*cMN1+*dLM2+*eML1+*fMO1++*gKM2++*hMK1++*iOM2++*jNL0--*kLN0--^ab^ac^ad^ae^cf^dg^eh^bi^ej^dk^jb^kc,30,3"
12.06321907,34,4610.435547,30.18023109,"*aMM0----*bNM2+++*cMN2+++*dLM1+++*eML1+++*fLN0*gNL0^ab^ac^ad^ae^df^eg^fc,34,3"
12.0690794,15,3629.344971,32.00663376,"*aMM0-----*bNM2++*cMN1++*dLM2++*eML1++*fLN0--*gNL0--^ab^ac^ad^ae^df^eg^fc,15,3"
12.0929718,20,5095.650391,10.1789732,"*aMM0+++++++++*bNM2++++*cMN1++++*dLM2++++*eML1++++*fLN3*gNL3^ab^ac^ad^ae^df^eg,20,3"
12.10183907,30,4806.93457,30.5434494,"*aMM0----*bNM2+*cMN1+*dLM2+*eML1+*fMO1++*gKM2++*hMK1++*iOM2++*jNL0*kLN0^ab^ac^ad^ae^cf^dg^eh^bi^ej^dk^jb,30,3"
12.13942242,41,5188.440918,28.46575165,"*aMM0-*bNM2+++*cMN1+++*dLM2+++*eML1+++*fLN0*gLL1*hNL0*iNN2^ab^ac^ad^ae^cf^dg^eh^bi^bh,41,3"
12.20376968,32,4494.881836,30.95041656,"*aMM0-----*bNM2+++*cMN1+++*dLM2+++*eML1+++*fLN0*gNL0^ab^ac^ad^ae^df^eg^cf^gb,32,3"
12.39077282,15,3967.147705,31.94590759,"*aMM0----*bNM2+++*cMN1+++*dLM2+++*eML1+++*fNL0--*gLN0--^ab^ac^ad^ae^ef^dg,15,3"
12.4214859,15,3967.148682,31.9724102,"*aMM0----*bNM2+++*cMN1+++*dLM2+++*eML1+++*fLN0--*gNL0--^ab^ac^ad^ae^df^eg^fc^gb,15,3"
12.57879925,15,4809.040527,9.840032578,"*aMM0+++++++++*bNM2+++*cMN1+++*dLM2+++*eML1+++*fNL3+*gLN3+^ab^ac^ad^ae^ef^cg,15,3"
12.76170921,20,4586.816406,31.62206459,"*aMM0----*bNM2+++*cMN1+++*dLM2+++*eML1+++*fLN0-*gNL0-*hMO1*iMK1*jOM2*kKM2^ab^ac^ad^ae^df^eg^ch^ei^bj^dk^fc^gb,20,3"
12.77107334,15,5127.526367,9.805508614,"*aMM0+++++++++*bNM2++*cMN1+++*dLM2++*eML1+++*fLN3++++*gNL3++++*hLL2+++*iNN1+++^ab^ac^ad^ae^cf^bg^dh^ci^bi^df^eg^eh,15,3"
12.8473711,20,5436.636719,9.894077301,"*aMM0++++++++++*bNM2++++*cMN1++++*dLM2++++*eML1++++*fNL3*gLN3^ab^ac^ad^ae^ef^cg,20,3"
13.07257366,15,5920.334473,12.2420845,"*aMM0+++++++++++*bNM1++*cMN2++*dLM1++*eML2++*fNN4++++++*gLL4++*hOM2+++*iMO1+++*jMK1+++*kKM2+++^ab^ac^ad^ae^bf^cf^dg^eg^bh^ci^ej^dk,15,3"
13.11901093,15,3941.512695,31.27255249,"*aMM0--*bNM2++*cMN1++*dLM2++*eML1++*fLN0---*gLL1+*hNL0---*iNN2+^ab^ac^ad^ae^cf^dg^eh^bi,15,3"
13.22674084,30,4992.571289,29.24734306,"*aMM0-*bNM2++++*cMN1++++*dLM2++++*eML1++++*fLN0-*gNL0-^ab^ac^ad^ae^df^eg^fc^gb,30,3"
13.28150082,15,6492.083984,13.41355515,"*aMM0+++++++++++*bNM1++++++*cMN2++++++*dLM1++++++*eML2++++++*fNN4++++++*gLL4++^ab^ac^ad^ae^bf^cf^dg^eg,15,3"
13.2843399,30,4494.882813,31.73791885,"*aMM0-----*bNM2+++*cMN1+++*dLM2+++*eML1+++*fLN0*gNL0^ab^ac^ad^ae^df^eg^fc^gb,30,3"
13.39027119,7,4318.766113,15.72921848,"*aMM0++++++++*bNM2+++*cMN1+++*dLM2+++*eML1+++^ab^ac^ad^ae,7,3"
13.50049496,70,6942.846191,24.31986237,"*aMM0+*bNM2+++*cMN2+++*dLM1+++*eML1+++*fLN0++*gNL0++*hOM1+++*iMO2+++*jMK2+++*kKM1+++^ab^ac^ad^ae^df^eg^bh^ci^ej^dk^fc^gb,70,3"
13.61532116,15,5429.887207,9.810494423,"*aMM0++++++++++*bNM1+++*cMN2+++*dLM2+++*eML1+++*fLN3*gNL3*hLL2++*iNN1++^ab^ac^ad^ae^cf^bg^dh^ci^bi^fd^eg^eh,15,3"
13.84058094,72,7140.430176,24.43268585,"*aMM0++*bNM2+++*cMN2+++*dLM1+++*eML1+++*fLN0++*gNL0++*hOM1+++*iMO2+++*jMK2+++*kKM1+++^ab^ac^ad^ae^df^eg^bh^ci^ej^dk^fc^gb,72,3"
13.89390469,15,4094.853516,32.43893433,"*aMM0---*bNM2+++*cMN1+++*dLM2+++*eML1+++*fLN0--*gNL0--^ab^ac^ad^ae^df^fc^eg^gb,15,3"
14.00779343,5,3790.602539,8.955454826,"*aMM0+++++*bNM2+++*cMN1+++*dLM2+++*eML1+++*fNN3*gLL3*hLN3*iNL3^ab^ac^ad^ae^cf^eg^dh^bi,5,3"
14.03841877,25,3547.5979,14.9029026,"*aMM0----*bNM2++*cMN1++*dLM2++*eML1++*fOM2+*gNN0-----*hNL3-*iMO1+*jLN3-*kKM2+*lLL0-----*mMK1+*nLO4*oOL4*pKN4*qNK4^ab^ac^ad^ae^bf^bg^bh^ci^cj^dk^dl^em^in^ho^kp^mq^cg^dj^eh^jn^fo^pj^hq^el,25,3"
14.03848457,25,3547.5979,14.9026432,"*aMM0----*bNM2++*cMN1++*dLM2++*eML1++*fOM2+*gNN0-----*hNL3-*iMO1+*jLN3-*kKM2+*lLL0-----*mMK1+*nLO4*oOL4*pKN4*qNK4^ab^ac^ad^ae^bf^bg^bh^ci^cj^dk^dl^em^in^ho^kp^mq^cg^dj^eh^jn^fo^pj^hq^el,25,3"
14.0552063,30,5437.668457,32.09960556,"*aMM0-----*bNM2++*cMN1++*dLM2++*eML1++*fMO1+++*gKM2+++*hMK1+++*iOM2+++*jNL0+*kLN0+^ab^ac^ad^ae^cf^dg^eh^bi^ej^dk^kc,30,3"
14.07110596,32,4738.141113,30.83024788,"*aMM0---*bNM2+++*cMN1+++*dLM2+++*eML1+++*fLN0*gNL0^ab^ac^ad^ae^df^eg^fc,32,3"
14.08566475,56,6363.762207,24.9813385,"*aMM0++*bNM2+*cMN1+*dLM2+*eML1+*fMO1+++*gKM2+++*hMK1+++*iOM2+++*jNL0+*kLN0+^ab^ac^ad^ae^cf^dg^eh^bi^ej^dk^kc,56,3"
14.18212128,30,4610.435547,31.68611526,"*aMM0----*bNM2+++*cMN1+++*dLM2+++*eML1+++*fLN0*gNL0^ab^ac^ad^ae^df^eg^fc^gb,30,3"
14.23052216,12,4208.700195,10.28493309,"*aMM0++++++++*bNM1++*cMN2++*dLM1++*eML2++*fNL3------*gLN3------^ab^ac^ad^ae^ef^dg,12,3"
14.27100563,30,4696.821289,29.71036339,"*aMM0-*bNM2+++*cMN1+++*dLM2+++*eML1+++*fNL0-*gLN0-^ab^ac^ad^ae^ef^dg^bf^cg,30,3"
14.27567768,30,4696.821289,29.717556,"*aMM0-*bNM2+++*cMN1+++*dLM2+++*eML1+++*fNL0-*gLN0-^ab^ac^ad^ae^ef^dg^bf^cg,30,3"
14.35332012,35,4975.220703,31.73527718,"*aMM0----*bNM2+++*cMN1+++*dLM2+++*eML1+++*fLN0+*gNL0+^ab^ac^ad^ae^df^eg^fc,35,3"
14.94314575,20,6557.308594,8.897120476,"*aMM0++++++++++++++*bNM2+++*cMN1+++*dLM2+++*eML1+++^ab^ac^ad^ae,20,3"
14.97129059,53,6325.428711,26.57016182,"*aMM0+*bNM2++*cMN1++*dLM2++*eML1++*fMO1+++*gKM2+++*hMK1+++*iOM2+++*jNL0+*kLN0+^ab^ac^ad^ae^cf^dg^eh^bi^ej^dk^kc,53,3"
14.98827171,34,5034.607422,30.21675491,"*aMM0--*bNM2+++*cMN1+++*dLM2+++*eML1+++*fLN0*gLL1*hNL0*iNN2^ab^ac^ad^ae^cf^dg^eh^bi^hb^df^ge^ci,34,3"
14.99698639,61,6760.45459,27.55101013,"*aMM0*bNM2+++*cMN1+++*dLM2+++*eML1+++*fLN0++*gNL0++*hOM1+++*iMO2+++*jMK2+++*kKM1+++^ab^ac^ad^ae^df^eg^bh^ci^ej^dk^fc^gb,61,3"
15.00001812,25,10749.12012,7.607616425,"*aMM0++++++++++++++++++*bNM2++++++*cMN1++++++*dLM2++++++*eML1++++++*fNN4-*gOM1++++*hMO2++++*iMK2++++*jKM1++++*kLL4^ab^ac^ad^ae^bf^bg^ch^ei^dj^dk^cf^ek,25,3"
15.19540119,5,4315.040039,10.99726677,"*aMM0+++++*bNM2+++++*cMN1+++++*dLM2+++++*eML1+++++*fNL3+*gLN3+^ab^ac^ad^ae^bf^cg,5,3"
15.19926071,20,7013.256836,8.093894005,"*aMM0++++++++++++++*bNM2++++*cMN1++++*dLM2++++*eML1++++*fNL3*gLN3^ab^ac^ad^ae^ef^cg,20,3"
15.29280949,20,8287.736328,16.07983208,"*aMM0++++++++++++++*bNM3+*cMN3+*dLM3+*eML3+*fNN1++++*gLL1++++*hLN1++++*iNL1++++*jOM2++++*kMO2++++*lKM2++++*mMK2++++^ab^ac^ad^ae^cf^eg^dh^ch^bf^bi^ie^bj^ck^dl^em,20,3"
15.31851006,20,7828.875977,7.590376854,"*aMM0+++++++++++++++*bNM2+++*cMN1+++*dLM2+++*eML1+++*fMO2++*gOM1++*hKM1++*iMK2++*jNL3++++++++*kLN3++++++++^ab^ac^ad^ae^cf^bg^dh^ei^ej^dk^jb^kc,20,3"
15.4652729,6,2011.141602,9.696977615,"*aMM0-*bNM2+*cMN1+*dLM2+*eML1+*fOM4*gNN4*hNL3*iMO4*jLN3*kKM4*lLL4*mMK4*nPM4*oMP4*pJM4*qMJ4^ab^ac^ad^ae^bf^bg^bh^ci^cj^dk^dl^em^fn^io^kp^mq^cg^dj^el,6,3"
15.48950863,30,4864.630859,29.21019554,"*aMM0*bNM2+++*cMN1+++*dLM2+++*eML1+++*fLN0-*gNL0-^ab^ac^ad^ae^df^eg^fc^gb,30,3"
15.53870773,20,7007.670898,8.196818352,"*aMM0+++++++++++++++*bNM2+++*cMN1+++*dLM2+++*eML1+++^ab^ac^ad^ae,20,3"
15.55925846,20,9768.370117,14.02729321,"*aMM0+++++*bNM2+++++*cMN1+++++*dLM2+++++*eML1+++++*fLN3*gNL3*hOM2+++++*iMO1+++++*jKM2+++++*kMK1+++++*lLL0+++*mNN0+++^ab^ac^ad^ae^cf^fd^eg^bg^bh^ci^dj^ek^el^dl^bm^cm,20,3"
15.63303089,30,4947.516113,31.74934578,"*aMM0---*bNM2+++*cMN1+++*dLM2+++*eML1+++*fLN0*gLL1+*hNL0*iNN2+^ab^ac^ad^ae^cf^dg^eh^bi,30,3"
15.68849945,30,4947.516113,31.87226295,"*aMM0---*bNM2+++*cMN1+++*dLM2+++*eML1+++*fLN0*gLL1+*hNL0*iNN2+^ab^ac^ad^ae^cf^dg^eh^bi,30,3"
15.73491764,10,5436.636719,9.646113396,"*aMM0++++++++++*bNM2++++*cMN1++++*dLM2++++*eML1++++*fNL3*gLN3^ab^ac^ad^ae^ef^cg,10,3"
15.82916069,5,5656.186523,14.68195534,"*aMM0++++++++++*bNM2+++++*cMN1+++++*dLM2+++++*eML1+++++^ab^ac^ad^ae,5,3"
15.8960247,5,4639.699707,14.42865658,"*aMM0+++++++++*bNM2+++*cMN1+++*dLM2+++*eML1+++^ab^ac^ad^ae,5,3"
15.89607811,5,4639.700684,14.42873287,"*aMM0+++++++++*bNM2+++*cMN1+++*dLM2+++*eML1+++^ab^ac^ad^ae,5,3"
15.89608097,5,4639.700684,14.42873573,"*aMM0+++++++++*bNM2+++*cMN1+++*dLM2+++*eML1+++^ab^ac^ad^ae,5,3"
16.06564903,60,6942.846191,26.69658661,"*aMM0+*bNM2+++*cMN1+++*dLM2+++*eML1+++*fLN0++*gNL0++*hOM1+++*iMO2+++*jMK2+++*kKM1+++^ab^ac^ad^ae^df^eg^bh^ci^ej^dk^fc^gb,60,3"
16.19846153,25,10937.76563,7.157206535,"*aMM0++++++++++++++++++*bNM2++++++*cMN1++++++*dLM2++++++*eML1++++++*fNN4*gOM1++++*hMO2++++*iMK2++++*jKM1++++*kLL4*lNL3+++*mLN3+++^ab^ac^ad^ae^bf^bg^ch^ei^dj^dk^cf^ek^el^cm,25,3"
16.22093201,65,6598.986328,17.44205666,"*aMM0*bNM2++*cMN1++*dLM2++*eML1++*fMO1++++*gKM2++++*hMK1++++*iOM2++++*jNL0+*kLN0+*lNK3*mLO3^ab^ac^ad^ae^cf^dg^eh^bi^ej^dk^jl^km,65,3"
16.31905746,20,7958.793457,7.706019878,"*aMM0+++++++++++++++*bNM2+++*cMN1++++*dLM2+++*eML1++++*fLN3+++++++++*gNL3+++++++++*hLL2++++*iNN1++++^ab^ac^ad^ae^cf^bg^dh^ci^bi^df^eg^eh,20,3"
16.44939995,15,4586.816406,34.37338638,"*aMM0----*bNM2+++*cMN1+++*dLM2+++*eML1+++*fLN0-*gNL0-*hMO1*iMK1*jOM2*kKM2^ab^ac^ad^ae^df^eg^ch^ei^bj^dk^fc^gb,15,3"
16.6061058,80,9496.889648,13.31216812,"*aMM0++++++++++*bNM2+++*cMN1+++*dLM2+++*eML1+++*fLN0++*gNL0++*hOM1+++*iMO2+++*jMK2+++*kKM1+++*lNN2*mLL1^ab^ac^ad^ae^df^eg^bh^ci^ej^dk^bl^dm^fc^gb^em^cl,80,3"
16.61073685,51,6523.012695,25.752285,"*aMM0++*bNM2++*cMN1++*dLM2++*eML1++*fMO1+++*gKM2+++*hMK1+++*iOM2+++*jNL0+*kLN0+^ab^ac^ad^ae^cf^dg^eh^bi^ej^dk^kc,51,3"
16.6108036,51,6523.012695,25.75240517,"*aMM0++*bNM2++*cMN1++*dLM2++*eML1++*fMO1+++*gKM2+++*hMK1+++*iOM2+++*jNL0+*kLN0+^ab^ac^ad^ae^cf^dg^eh^bi^ej^dk^kc,51,3"
16.65633583,76,8678.96875,16.00342751,"*aMM0++++++++*bNM1+++*cMN2+++*dLM1+++*eML2+++*fLN0++*gNL0++*hOM1+++*iMO2+++*jMK2+++*kKM1+++^ab^ac^ad^ae^df^eg^bh^ci^ej^dk^fc^gb,76,3"
16.66214943,15,3937.012207,34.20612335,"*aMM0-----*bNM2++*cMN1++*dLM2++*eML1++*fLN0-*gNL0-^ab^ac^ad^ae^df^eg^fc,15,3"
16.66935921,65,6790.518066,16.77720642,"*aMM0+*bNM2++*cMN1++*dLM2++*eML1++*fMO1++++*gKM2++++*hMK1++++*iOM2++++*jNL0+*kLN0+*lNK3+*mLO3+^ab^ac^ad^ae^cf^dg^eh^bi^ej^dk^jl^km,65,3"
16.67527199,70,7862.944824,24.88859367,"*aMM0++*bNM2+++*cMN2+++*dLM1+++*eML1+++*fLN0+++*gNL0+++*hOM1++++*iMO2++++*jMK2++++*kKM1++++^ab^ac^ad^ae^df^eg^bh^ci^ej^dk^fc^gb,70,3"
16.73263931,1,4017.276855,18.01912689,"*aMM0+++++++*bNM2+++*cMN1+++*dLM2+++*eML1+++^ab^ac^ad^ae,1,3"
16.8315506,54,6538.203613,28.05901527,"*aMM0*bNM1++*cMN2++*dLM1++*eML2++*fLN0++*gNL0++*hOM1+++*iMO2+++*jMK2+++*kKM1+++^ab^ac^ad^ae^df^eg^bh^ci^ej^dk^fc^gb,54,3"
16.85012245,50,6523.011719,25.94058037,"*aMM0++*bNM2++*cMN1++*dLM2++*eML1++*fOM1+++*gMO2+++*hMK2+++*iKM1+++*jLN0+*kNL0+^ab^ac^ad^ae^bf^cg^eh^di^dj^ek,50,3"
16.90060234,30,4859.668457,33.42922211,"*aMM0-----*bNM2+++*cMN1+++*dLM2+++*eML1+++*fLN0+*gNL0+^ab^ac^ad^ae^df^eg^fc,30,3"
16.90130234,5,4980.686523,13.09189034,"*aMM0++++++++++*bNM2+++*cMN1+++*dLM2+++*eML1+++^ab^ac^ad^ae,5,3"
16.90130997,5,4980.686523,13.09189701,"*aMM0++++++++++*bNM2+++*cMN1+++*dLM2+++*eML1+++^ab^ac^ad^ae,5,3"
16.90372276,30,4859.668457,33.44422913,"*aMM0-----*bNM2+++*cMN2+++*dLM1+++*eML1+++*fNL0+*gLN0+^ab^ac^ad^ae^ef^dg,30,3"
16.96439743,2,2977.449951,38.03334045,"*aMM0----*bNM2++*cMN1++*dLM2++*eML1++*fLN0-----*gNL0-----^ab^ac^ad^ae^df^eg^fc^gb,2,3"
17.05739784,5,3630.401367,10.18136787,"*aMM0+++++*bNM2+++*cMN1+++*dLM2+++*eML1+++*fNL3*gLN3^ab^ac^ad^ae^ef^cg,5,3"
17.07190895,5,3630.401367,10.18471336,"*aMM0+++++*bNM2+++*cMN1+++*dLM2+++*eML1+++*fNL3*gLN3^ab^ac^ad^ae^ef^fb^dg^gc,5,3"
17.09010315,20,4696.820801,31.58278656,"*aMM0-*bNM2+++*cMN1+++*dLM2+++*eML1+++*fLN0-*gNL0-^ab^ac^ad^ae^df^fc^eg^gb,20,3"
17.19768143,62,7353.812988,23.96760559,"*aMM0+++*bNM2+++*cMN1+++*dLM2+++*eML1+++*fLN0++*gNL0++*hOM1+++*iMO2+++*jMK2+++*kKM1+++^ab^ac^ad^ae^df^eg^bh^ci^ej^dk^fc^gb,62,3"
17.20087433,20,9729.481445,6.19603014,"*aMM0+++++++++++++++++*bNM2++++*cMN1++++*dLM2++++*eML1++++*fOM3++*gMO3++*hPM2++++*iMP1++++*jKM3++*kJM2++++*lMK3++*mMJ1++++^ab^ac^ad^ae^bf^cg^fh^gi^dj^jk^el^lm,20,3"
17.21859741,20,9729.481445,6.254571438,"*aMM0+++++++++++++++++*bNM2++++*cMN1++++*dLM2++++*eML1++++*fOM3++*gMO3++*hPM2++++*iMP1++++*jKM3++*kJM2++++*lMK3++*mMJ1++++^ab^ac^ad^ae^bf^cg^fh^gi^dj^jk^el^lm,20,3"
17.28370094,5,5026.200195,33.60266876,"*aMM0+++++*bNM1+++*cMN2+++*dLM1+++*eML2+++*fNN0*gON1*hMO4*iNO2*jOM4^ab^ac^ad^ae^bf^fg^ch^fi^gj^cf^hi^bj,5,3"
17.34679031,5,3786.401367,10.27257919,"*aMM0+++++*bNM1+++*cMN1+++*dLM2+++*eML2+++*fLL1*gNN2*hLN3*iNL3^ab^ac^ad^ae^ef^df^bg^cg^ch^dh^ei^bi,5,3"
17.44624329,32,5102.926758,31.97535896,"*aMM0---*bNM2+++*cMN1+++*dLM2+++*eML1+++*fNL0+*gLN0+^ab^ac^ad^ae^ef^dg,32,3"
17.67876816,5,4482.366211,10.21346664,"*aMM0+++++++*bNM2++++*cMN1++++*dLM2++++*eML1++++*fLN3+*gNL3+^ab^ac^ad^ae^df^eg,5,3"
17.72721481,14,10749.12402,7.828518391,"*aMM0++++++++++++++++++*bNM2++++++*cMN1++++++*dLM2++++++*eML1++++++*fNN4++++++*gOM1++++*hMO2++++*iMK2++++*jKM1++++*kLL4++++^ab^ac^ad^ae^bf^cf^bg^ch^ei^dj^dk^ek,14,3"
17.79608536,5,5040.312012,10.73754692,"*aMM0++++++++*bNM3-*cMN3-*dLM3-*eML3-*fOM1+*gPM1+++*hMO2+*iMP2+++*jKM1+*kJM1+++*lMK2+*mMJ2+++^ab^ac^ad^ae^bf^fg^ch^hi^dj^jk^el^lm,5,3"
17.80397606,15,4783.022461,8.052101135,"*aMM0+++++++*bNM4*cMN4*dLM4*eML4*fKM2+++*gMK1+++*hMO1+++*iOM2+++*jNN4*kLL4*lLN3+++++++++*mNL3+++++++++*nKN4++++++++++*oNK4++++++++++*pKO3+++++++++*qOK3+++++++++*rJO4*sOJ4*tJP3+++++++++*uPJ3+++++++++^ab^ac^ad^ae^df^eg^ch^bi^bj^dk^cl^bm^cj^ke^ld^me^ln^mo^np^oq^pr^qs^rt^su,15,3"
17.99254608,35,5452.767578,31.75258446,"*aMM0--*bNM2+++*cMN1+++*dLM2+++*eML1+++*fLN0+*gNL0+*hLL1+*iNN2+^ab^ac^ad^ae^df^eg^eh^fc^ci,35,3"
18.24590111,5,3942.401611,10.34754944,"*aMM0+++++*bNM2+++*cMN1+++*dLM2+++*eML1+++*fMO1*gOM2*hKM2*iLN3*jMK1*kNL3^ab^ac^ad^ae^cf^bg^dh^di^ej^bk^ci^ke,5,3"
18.37432671,60,7361.351074,22.24542427,"*aMM0++++*bNM2++*cMN1++*dLM2++*eML1++*fOM1+++*gMO2+++*hMK2+++*iKM1+++*jLN0++*kNL0++^ab^ac^ad^ae^bf^cg^eh^di^dj^ek,60,3"
18.39581871,60,7361.351074,22.2472229,"*aMM0++++*bNM1++*cMN2++*dLM1++*eML2++*fLN0++*gNL0++*hOM1+++*iMO2+++*jMK2+++*kKM1+++^ab^ac^ad^ae^df^eg^bh^ci^ej^dk^fc^gb,60,3"
18.51418304,80,8469.941406,21.92829514,"*aMM0++++*bNM1+++*cMN2+++*dLM1+++*eML2+++*fLN0++++*gNL0++++*hOM1+++*iMO2+++*jMK2+++*kKM1+++^ab^ac^ad^ae^df^eg^bh^ci^ej^dk^fc^gb,80,3"
18.68152428,1,1729.908325,11.82553196,"*aMM0--*bNM2+*cMN1+*dLM2+*eML1+*fLN3----------------------*gNL3----------------------^ab^ac^ad^ae^df^eg^cf^bg,1,3"
19.0844326,31,5243.392578,31.73646164,"*aMM0--*bNM2+++*cMN1+++*dLM2+++*eML1+++*fLN0+*gNL0+^ab^ac^ad^ae^df^eg^fc,31,3"
19.17078018,15,4912.710938,32.54912186,"*aMM0*bNM1++*cMN2++*dLM2++*eML1++*fLN0--*gNL0--*hOM1++*iMO2++*jMK2++*kKM1++^ab^ac^ad^ae^df^eg^bh^ci^ej^dk^fc^gb,15,3"
19.17332458,5,4284.95459,9.216312408,"*aMM0+++++++*bNM4+++*cMN4+++*dLM4+++*eML4+++*fKM2+++*gMK1+++*hMO1+++*iOM2+++*jNN4+++++*kLL4*lLN3++++++++++*mNL3++++++++++^ab^ac^ad^ae^df^eg^ch^bi^bj^cj^dk^ke^cl^ld^bm^me,5,3"
19.27822876,46,6736.39502,24.95630264,"*aMM0+++*bNM2++*cMN1++*dLM2++*eML1++*fMO1+++*gKM2+++*hMK1+++*iOM2+++*jNL0+*kLN0+^ab^ac^ad^ae^cf^dg^eh^bi^ej^dk^kc,46,3"
19.31177902,70,9211.404297,24.07647324,"*aMM0+++*bNM2++++*cMN2++++*dLM1++++*eML1++++*fLN0++++*gNL0++++*hOM1+++++*iMO2+++++*jMK2+++++*kKM1+++++^ab^ac^ad^ae^df^eg^bh^ci^ej^dk^fc^gb,70,3"
19.3449173,60,7830.40332,21.16566086,"*aMM0+++++*bNM2+++*cMN1+++*dLM2+++*eML1+++*fOM1+++*gMO2+++*hMK2+++*iKM1+++*jLN0++*kNL0++^ab^ac^ad^ae^bf^cg^eh^di^dj^ek,60,3"
19.35118103,65,7763.019043,16.57407951,"*aMM0++*bNM2++*cMN1++*dLM2++*eML1++*fMO1+++++*gKM2+++++*hMK1+++++*iOM2+++++*jNL0++*kLN0++*lNK3+*mLO3+^ab^ac^ad^ae^cf^dg^eh^bi^ej^dk^jl^km,65,3"
19.45087624,20,13107.04883,11.67823219,"*aMM0++++++++*bNM2+++++*cMN1+++++*dLM2+++++*eML1+++++*fOM1+++++*gMO2+++++*hKM1+++++*iMK2+++++*jNN0++++++++*kLL0++++++++^ab^ac^ad^ae^bf^cg^dh^ei^bj^cj^dk^ek,20,3"
19.46118736,76,9767.655273,13.11678314,"*aMM0++++++++++*bNM2+++*cMN1+++*dLM2+++*eML1+++*fLN0+++*gNL0+++*hOM1+++*iMO2+++*jMK2+++*kKM1+++^ab^ac^ad^ae^df^eg^bh^ci^ej^dk^fc^gb,76,3"
19.52897453,29,5102.926758,33.0776062,"*aMM0---*bNM2+++*cMN1+++*dLM2+++*eML1+++*fLN0+*gNL0+^ab^ac^ad^ae^df^eg^fc^gb,29,3"
19.53145027,29,5102.926758,33.08205414,"*aMM0---*bNM2+++*cMN1+++*dLM2+++*eML1+++*fLN0+*gNL0+^ab^ac^ad^ae^df^eg^fc^gb,29,3"
19.81310463,10,7980.093262,7.069622517,"*aMM0+++++++++++++++++*bNM2+++*cMN1+++*dLM2+++*eML1+++^ab^ac^ad^ae,10,3"
19.97704697,50,6918.180176,26.19171333,"*aMM0++*bNM2++*cMN1++*dLM2++*eML1++*fOM1+++*gMO2+++*hMK2+++*iKM1+++*jLN0++*kNL0++^ab^ac^ad^ae^bf^cg^eh^di^dj^ek,50,3"
20.12442398,15,12249.51953,5.34636879,"*aMM0++++++++++++++++++++++*bNM2++++*cMN1++++*dLM2++++*eML1++++*fOM1++++*gMO2++++*hKM1++++*iMK2++++^ab^ac^ad^ae^bf^cg^dh^ei,15,3"
20.32730484,10,5150.19873,7.904330254,"*aMM0+++++++++*bNM4*cMN4*dLM4*eML4*fKM2+++*gMK1+++*hMO1+++*iOM2+++*jNN4*kLL4*lLN3+++++++++*mNL3+++++++++*nKN4++++++++++*oNK4++++++++++*pKO3+++++++++*qOK3+++++++++^ab^ac^ad^ae^df^eg^ch^bi^bj^dk^cl^bm^cj^ke^ld^me^ln^mo^np^oq,10,3"
20.32923508,15,12607.15723,5.526623726,"*aMM0++++++++++++++++++++++*bNM2++++*cMN1++++*dLM2++++*eML1++++*fOM3++*gMO3++*hPM2++++*iMP1++++*jKM3++*kJM2++++*lMK3++*mMJ1++++^ab^ac^ad^ae^bf^cg^fh^gi^dj^jk^el^lm,15,3"
20.39814758,42,6953.370605,20.26895714,"*aMM0++++++*bNM2+*cMN1+*dLM2+*eML1+*fMO1+++*gKM2+++*hMK1+++*iOM2+++*jNL0*kLN0^ab^ac^ad^ae^cf^dg^eh^bi^ej^dk,42,3"
20.51828766,45,6966.183594,23.57615662,"*aMM0++++*bNM2++*cMN1++*dLM2++*eML1++*fMO1+++*gKM2+++*hMK1+++*iOM2+++*jNL0+*kLN0+^ab^ac^ad^ae^cf^dg^eh^bi^ej^dk,45,3"
20.59130287,38,6154.385742,26.54068375,"*aMM0++*bNM2+++*cMN1+++*dLM2+++*eML1+++*fLN0+*gNL0+*hLL1+*iNN2+^ab^ac^ad^ae^df^eg^eh^fc^ci,38,3"
20.60351181,29,5243.392578,32.38121414,"*aMM0--*bNM2+++*cMN1+++*dLM2+++*eML1+++*fNL0+*gLN0+^ab^ac^ad^ae^ef^dg^bf^gc,29,3"
20.72712898,25,3824.572754,14.4127903,"*aMM0--*bNM2++*cMN1++*dLM2++*eML1++*fOM2+*gNN0-----*hNL3*iMO1+*jLN3*kKM2+*lLL0-----*mMK1+*nLO4*oOL4*pKN4*qNK4^ab^ac^ad^ae^bf^bg^bh^ci^cj^dk^dl^em^in^ho^kp^cg^dj^eh^jn^fo^mq,25,3"
20.81754684,5,7683.168945,9.122382164,"*aMM0+++++++++++++++*bNM2+++++*cMN1+++++*dLM2+++++*eML1+++++^ab^ac^ad^ae,5,3"
20.85462952,60,7377.455078,22.33804893,"*aMM0*bNM2+++*cMN1+++*dLM2+++*eML1+++*fLN0+++*gNL0+++*hOM1+++*iMO2+++*jMK2+++*kKM1+++*lNN3*mLL3++++++^ab^ac^ad^ae^df^eg^bh^ci^ej^dk^cl^dm^fc^gb^bl^em,60,3"
20.98240662,35,5956.803711,27.97078514,"*aMM0+*bNM2+++*cMN1+++*dLM2+++*eML1+++*fLN0+*gLL1+*hNL0+*iNN2+^ab^ac^ad^ae^cf^dg^eh^bi^ge^ci,35,3"
21.1585598,27,3671.954102,14.6478138,"*aMM0-----*bNM2++*cMN1++*dLM2++*eML1++*fOM2+*gNN0----*hNL3*iMO1+*jLN3*kKM2+*lLL0----*mMK1+*nLO4*oOL4*pKN4*qNK4^ab^ac^ad^ae^bf^bg^bh^ci^cj^dk^dl^em^in^ho^kp^mq^cg^dj^eh^fo^pj^hq^el,27,3"
21.16577721,15,4696.821289,33.55817413,"*aMM0-*bNM2+++*cMN1+++*dLM2+++*eML1+++*fNL0-*gLN0-^ab^ac^ad^ae^ef^dg^bf^cg,15,3"
21.1753273,15,4696.819336,33.57140732,"*aMM0-*bNM2+++*cMN1+++*dLM2+++*eML1+++*fLN0-*gNL0-^ab^ac^ad^ae^df^fc^eg^gb,15,3"
21.18622208,5,7007.667969,8.361465454,"*aMM0+++++++++++++++*bNM2+++*cMN1+++*dLM2+++*eML1+++^ab^ac^ad^ae,5,3"
21.57806587,3,3422.223633,9.657727242,"*aMM0++++*bNM1+++*cMN2+++*dLM2+++*eML1+++*fLN3++++*gNL3++++^ab^ac^ad^ae^cf^bg,3,3"
21.63147545,50,9131.577148,25.33860397,"*aMM0+++*bNM2+++++*cMN1+++++*dLM2+++++*eML1+++++*fLN0+++*gNL0+++*hOM1+++++*iMO2+++++*jMK2+++++*kKM1+++++^ab^ac^ad^ae^df^eg^bh^ci^ej^dk^fc^gb,50,3"
21.64552307,18,5294.272461,30.48162079,"*aMM0+*bNM2+++*cMN1+++*dLM2+++*eML1+++*fMO2-*gOM1-*hMK2-*iKM1-*jNL0-*kLN0-^ab^ac^ad^ae^cf^bg^eh^di^ej^dk^bj^ck,18,3"
21.79355431,5,7980.093262,7.112850666,"*aMM0+++++++++++++++++*bNM2+++*cMN1+++*dLM2+++*eML1+++^ab^ac^ad^ae,5,3"
21.80021858,15,6662.300293,24.51251602,"*aMM0+++++*bNM2+++*cMN1+++*dLM2+++*eML1+++*fOM1*gMK2*hMO2*iLN0*jNL0*kKM1*lLL3*mNN4^ab^ac^ad^ae^bf^eg^ch^di^ej^dk^ic^jb^el^ld^bm^cm,15,3"
22.05404663,10,9729.481445,14.96221066,"*aMM0+++++++++++++++++*bNM2++++*cMN1++++*dLM2++++*eML1++++*fOM3++*gMO3++*hPM2++++*iMP1++++*jKM3++*kJM2++++*lMK3++*mMJ1++++^ab^ac^ad^ae^bf^cg^fh^gi^dj^jk^el^lm,10,3"
22.26800728,40,7053.73584,21.87399101,"*aMM0+++++*bNM2+++*cMN1+++*dLM2+++*eML1+++*fMO1+*gOM2+*hKM2+*iLN0+*jMK1+*kNL0+^ab^ac^ad^ae^cf^bg^dh^di^ej^bk^ci^ke,40,3"
22.29216957,5,3591.67041,38.44278336,"*aMM0---*bNM2++*cMN1++*dLM2++*eML1++*fNL0---*gLN0---^ab^ac^ad^ae^ef^dg,5,3"
23.55786705,45,7361.350098,23.38193512,"*aMM0++++*bNM2++*cMN1++*dLM2++*eML1++*fMO1+++*gKM2+++*hMK1+++*iOM2+++*jNL0++*kLN0++^ab^ac^ad^ae^cf^dg^eh^bi^ej^dk,45,3"
23.73110771,5,5182.199707,26.09740448,"*aMM0+++++*bNM1+++*cMN2+++*dLM1+++*eML2+++*fNN0*gON1*hMO1*iNO2*jOM2^ab^ac^ad^ae^bf^fg^ch^cf^fi^hi^gj^bj,5,3"
23.89169884,6,5516.050293,7.588488579,"*aMM0++++++++++*bNM4*cMN4*dLM4*eML4*fKM2+++*gMK1+++*hMO1+++*iOM2+++*jNN4*kLL4*lLN3++++++++++*mNL3++++++++++*nKN4++++++++++*oNK4++++++++++*pKO3++++++++++*qOK3++++++++++^ab^ac^ad^ae^df^eg^ch^bi^bj^dk^cl^bm^cj^ke^ld^me^ln^mo^np^oq,6,3"
24.17382813,34,7472.48584,22.77832985,"*aMM0+++++*bNM2+++*cMN1+++*dLM2+++*eML1+++*fLN0+*gNL0+*hNN4*iLL4*jMO1+*kLO2+*lKM2+*mKN1+*nOM2+*oOL1+*pMK1+*qNK2+^ab^ac^ad^ae^df^eg^ch^ei^cj^jk^dl^lm^bn^go^ep^pq^fc^gb^bh^id^fk^fm^on^gq,34,3"
24.48331833,30,6582.199707,22.71477699,"*aMM0+++++*bNM2+++*cMN1+++*dLM2+++*eML1+++*fMO1*gOM2*hKM2*iLN0*jMK1*kNL0^ab^ac^ad^ae^cf^bg^dh^di^ej^bk^ci^ke,30,3"
24.51760674,8,4389.150391,36.3423233,"*aMM0-*bNM2+++*cMN1+++*dLM2+++*eML1+++*fLN0--*gNL0--^ab^ac^ad^ae^df^eg^gb^fc,8,3"
24.60819244,37,7361.351074,23.75242805,"*aMM0++++*bNM1++*cMN2++*dLM1++*eML2++*fLN0++*gNL0++*hOM1+++*iMO2+++*jMK2+++*kKM1+++^ab^ac^ad^ae^df^eg^bh^ci^ej^dk^fc^gb,37,3"
24.62442017,40,8094.827148,20.65625191,"*aMM0++++++*bNM2+++*cMN1+++*dLM2+++*eML1+++*fOM1+++*gMO2+++*hMK2+++*iKM1+++*jLN0++*kNL0++^ab^ac^ad^ae^bf^cg^eh^di^dj^ek,40,3"
24.68397713,2,2923.149902,10.07073212,"*aMM0++*bNM2+++*cMN1+++*dLM2+++*eML1+++*fNL3--*gLN3--^ab^ac^ad^ae^ef^dg^fb,2,3"
24.80543518,45,7872.57666,20.19349861,"*aMM0++++++*bNM2++*cMN1++*dLM2++*eML1++*fMO1+++*gKM2+++*hMK1+++*iOM2+++*jNL0++*kLN0++^ab^ac^ad^ae^cf^dg^eh^bi^ej^dk,45,3"
24.8947773,30,6894.200195,22.78139114,"*aMM0+++++*bNM2+++*cMN1+++*dLM2+++*eML1+++*fLN0*gNL0*hNN4*iLL4*jMO1*kLO2*lKM2*mKN1*nOM2*oOL1*pMK1*qNK2^ab^ac^ad^ae^df^eg^ch^ei^cj^jk^dl^lm^bn^go^ep^pq^fc^gb^bh^id^fk^fm^on^gq,30,3"
25.14840508,5,9729.481445,14.71459961,"*aMM0+++++++++++++++++*bNM2++++*cMN1++++*dLM2++++*eML1++++*fOM3++*gMO3++*hPM2++++*iMP1++++*jKM3++*kJM2++++*lMK3++*mMJ1++++^ab^ac^ad^ae^bf^cg^fh^gi^dj^jk^el^lm,5,3"
25.23828697,51,8521.591797,19.63706398,"*aMM0++++++*bNM2+++*cMN1+++*dLM2+++*eML1+++*fLN0+++*gNL0+++*hOM1+++*iMO2+++*jMK2+++*kKM1+++^ab^ac^ad^ae^df^eg^bh^ci^ej^dk^fc^gb,51,3"
25.27740097,22,3547.5979,14.60317707,"*aMM0----*bNM2++*cMN1++*dLM2++*eML1++*fOM2+*gNN0-----*hNL3-*iMO1+*jLN3-*kKM2+*lLL0-----*mMK1+*nLO4*oOL4*pKN4*qNK4^ab^ac^ad^ae^bf^bg^bh^ci^cj^dk^dl^em^in^ho^kp^mq^cg^dj^eh^jn^fo^pj^hq^el,22,3"
25.38798714,32,7236.024902,19.28057671,"*aMM0+++++++*bNM2+*cMN1+*dLM2+*eML1+*fMO1+++*gKM2+++*hMK1+++*iOM2+++*jNL0*kLN0^ab^ac^ad^ae^cf^dg^eh^bi^ej^dk,32,3"
25.41234016,14,5047.022461,31.7597084,"*aMM0+*bNM2+++*cMN1+++*dLM2+++*eML1+++*fLN0-*gNL0-^ab^ac^ad^ae^cf^bg,14,3"
25.41411781,10,4783.022461,7.210114002,"*aMM0+++++++*bNM4*cMN4*dLM4*eML4*fKM2+++*gMK1+++*hMO1+++*iOM2+++*jNN4*kLL4*lLN3+++++++++*mNL3+++++++++*nKN4++++++++++*oNK4++++++++++*pKO3+++++++++*qOK3+++++++++*rJO4*sOJ4*tJP3+++++++++*uPJ3+++++++++^ab^ac^ad^ae^df^eg^ch^bi^bj^dk^cl^bm^cj^ke^ld^me^ln^mo^np^oq^pr^qs^rt^su,10,3"
25.95002556,20,6298.344727,34.39218903,"*aMM0---*bNM2+++*cMN1+++*dLM2+++*eML1+++*fLN0++*gNL0++*hOM1+++*iMO2+++*jMK2+++*kKM1+++^ab^ac^ad^ae^df^eg^bh^ci^ej^dk^fc^gb,20,3"
26.13380623,25,6565.94873,23.64720535,"*aMM0+++++*bNM2++++*cMN1++++*dLM2++++*eML1++++*fNL0*gLN0^ab^ac^ad^ae^bf^cg^dg^ef,25,3"
26.59692383,1,3449.558838,10.25001049,"*aMM0+++*bNM2++++*cMN1++++*dLM2++++*eML1++++*fNL3*gLN3^ab^ac^ad^ae^ef^cg,1,3"
26.86018944,29,5983.614258,16.58402061,"*aMM0+++++*bNM2++*cMN1++*dLM2++*eML1++*fOM2+*gNN0--*hNL3*iMO1+*jLN3*kKM2+*lLL0--*mMK1+*nLO4*oOL4*pKN4*qNK4^ab^ac^ad^ae^bf^bg^bh^ci^cj^dk^dl^em^in^ho^kp^mq^cg^dj^eh^jn^fo^pj^le,29,3"
26.9170742,2,3520.909912,9.691584587,"*aMM0+++*bNM1++++*cMN2++++*dLM2++++*eML1++++*fLN3+++++++*gNL3+++++++^ab^ac^ad^ae^cf^bg,2,3"
26.98118591,15,5102.926758,34.84221649,"*aMM0---*bNM2+++*cMN1+++*dLM2+++*eML1+++*fLN0+*gNL0+^ab^ac^ad^ae^df^eg^fc,15,3"
27.13824844,45,6470.102051,15.15741825,"*aMM0++*bNM2++*cMN1++*dLM2++*eML1++*fMO1++*gKM2++*hMK1++*iOM2++*jLN3+*kNL3+*lNN0+*mLL0+^ab^ac^ad^ae^cf^dg^eh^bi^dj^bk^cl^em,45,3"
27.23882103,35,6953.6875,25.45655823,"*aMM0+++*bNM2+++*cMN1+++*dLM2+++*eML1+++*fNL0++*gLN0++*hNN2+++*iLL1+++^ab^ac^ad^ae^ef^fb^dg^gc^ch^di,35,3"
27.45972061,5,6430.401367,12.79979706,"*aMM0+++++*bNM2+++*cMN1+++*dLM2+++*eML1+++*fNL0*gLN0*hNN3*iLL3^ab^ac^ad^ae^ef^cg^bh^ch^di^ei,5,3"
27.60785294,20,5243.392578,34.07959747,"*aMM0--*bNM2+++*cMN1+++*dLM2+++*eML1+++*fNL0+*gLN0+^ab^ac^ad^ae^ef^dg,20,3"
27.62350655,20,5243.392578,34.09147263,"*aMM0--*bNM2+++*cMN1+++*dLM2+++*eML1+++*fNL0+*gLN0+^ab^ac^ad^ae^ef^dg,20,3"
27.71887779,41,9702.537109,13.60365582,"*aMM0+++++++++++*bNM2+++*cMN1+++*dLM2+++*eML1+++*fLN0++*gNL0++*hOM1+++*iMO2+++*jMK2+++*kKM1+++^ab^ac^ad^ae^df^eg^bh^ci^ej^dk^fc^gb,41,3"
28.4192543,15,5592.018066,31.46910095,"*aMM0+*bNM2+++*cMN1+++*dLM2+++*eML1+++*fLN0*gLL1+*hNL0*iNN2+^ab^ac^ad^ae^cf^dg^eh^bi,15,3"
28.74266052,1,1740.172607,11.05275631,"*aMM0--*bNM2+*cMN1+*dLM2+*eML1+*fLN3-------------------*gNL3-------------------^ab^ac^ad^ae^df^eg,1,3"
28.92332649,25,3915.212158,14.46282768,"*aMM0---*bNM2++*cMN1++*dLM2++*eML1++*fOM2+*gNN0----*hNL3*iMO1+*jLN3*kKM2+*lLL0----*mMK1+*nLO4*oOL4*pKN4*qNK4^ab^ac^ad^ae^bf^bg^bh^ci^cj^dk^dl^em^in^ho^kp^mq^cg^dj^eh^jn^fo^pj^hq^le,25,3"
28.97733116,40,8330.667969,21.99129486,"*aMM0+++++*bNM2++++*cMN1++++*dLM2++++*eML1++++*fNN4*gLL4*hLN0+++*iNL0+++*jMK1++*kOM2++*lMO1++*mKM2++^ab^ac^ad^ae^bf^cf^dg^eg^ch^dh^ei^bi^ej^bk^cl^dm,40,3"
29.01415634,20,6945.700195,24.99507904,"*aMM0+++++*bNM2+++++*cMN1+++++*dLM2+++++*eML1+++++*fNL0*gLN0^ab^ac^ad^ae^bf^dg,20,3"
29.15743256,35,7713.327148,20.37560654,"*aMM0++++++*bNM2+*cMN1+*dLM2+*eML1+*fMO1+++*gKM2+++*hMK1+++*iOM2+++*jNL0++*kLN0++^ab^ac^ad^ae^cf^dg^eh^bi^ej^dk,35,3"
29.20797539,10,6987.436035,10.67604065,"*aMM0+*bNM2+++++*cMN1+++++*dLM2+++++*eML1+++++*fLL3+*gLN0++*hNL0++*iNN3+^ab^ac^ad^ae^ef^cg^eh^ci,10,3"
29.3110218,45,6494.768555,29.0256424,"*aMM0+*bNM2++*cMN1++*dLM2++*eML1++*fMO1+++*gKM2+++*hMK1+++*iOM2+++*jLN3+*kNL3+*lNN0+*mLL0+^ab^ac^ad^ae^cf^dg^eh^bi^dj^bk^cl^em,45,3"
29.66911316,27,6340.179688,26.90911865,"*aMM0++*bNM2+++*cMN1+++*dLM2+++*eML1+++*fNL0++*gLN0++^ab^ac^ad^ae^ef^dg,27,3"
29.86203766,40,8299.34082,19.99897957,"*aMM0++++++*bNM2++*cMN1++*dLM2++*eML1++*fOM1+++*gMO2+++*hMK2+++*iKM1+++*jLN0+++*kNL0+++^ab^ac^ad^ae^bf^cg^eh^di^dj^ek,40,3"
29.98444557,5,5953.808594,11.56672382,"*aMM0+++*bNM2+++*cMN1+++*dLM2+++*eML1+++*fNL0*gLN0*hNN3*iLL3^ab^ac^ad^ae^ef^cg^bh^di^ch^ei,5,3"
30.0741539,6,5084.512207,7.487882614,"*aMM0++++++++*bNM4*cMN4*dLM4*eML4*fKM2+++*gMK1+++*hMO1+++*iOM2+++*jNN4*kLL4*lLN3+++++++++*mNL3+++++++++*nKN4++++++++++*oNK4++++++++++*pKO3+++++++++*qOK3+++++++++*rJO4*sOJ4*tJP3+++++++++*uPJ3+++++++++^ab^ac^ad^ae^df^eg^ch^bi^bj^dk^cl^bm^cj^ke^ld^me^ln^mo^np^oq^pr^qs^rt^su,6,3"
30.21260071,20,7070.450195,28.6807766,"*aMM0+++++*bNM2+++*cMN1+++*dLM2+++*eML1+++*fNN0*gLL0*hON1+++*iNO2+++*jKL1+++*kLK2+++^ab^ac^ad^ae^bf^dg^fh^fi^gj^gk^cf^eg,20,3"
31.09223938,18,6625.949707,24.11761665,"*aMM0+++++*bNM2++*cMN1++*dLM2++*eML1++*fMO2++*gOM1++*hMK2++*iKM1++*jNL0*kLN0^ab^ac^ad^ae^cf^bg^eh^di^ej^bj^dk^ck,18,3"
31.47830009,25,6340.179688,27.08887672,"*aMM0++*bNM2+++*cMN1+++*dLM2+++*eML1+++*fNL0++*gLN0++^ab^ac^ad^ae^ef^dg,25,3"
32.10738754,40,8335.244141,20.74538422,"*aMM0+++++*bNM2+*cMN1+*dLM2+*eML1+*fOM1+++*gMO2+++*hMK2+++*iKM1+++*jLN0++++*kNL0++++^ab^ac^ad^ae^bf^cg^eh^di^dj^ek,40,3"
32.31547928,40,8035.461426,17.8082943,"*aMM0+*bNM2+++*cMN1+++*dLM2+++*eML1+++*fLN0++++*gNL0++++*hOM1+++*iMO2+++*jMK2+++*kKM1+++*lNN3+*mLL3++++++++^ab^ac^ad^ae^df^eg^bh^ci^ej^dk^cl^dm^fc^gb^bl^em,40,3"
32.33083344,10,5102.926758,35.48684311,"*aMM0---*bNM2+++*cMN1+++*dLM2+++*eML1+++*fLN0+*gNL0+^ab^ac^ad^ae^df^eg^fc,10,3"
32.50825119,56,10286.27344,16.99405289,"*aMM0+++++++*bNM2+++*cMN1+++*dLM2+++*eML1+++*fLN0++++++*gNL0++++++*hOM1+++*iMO2+++*jMK2+++*kKM1+++^ab^ac^ad^ae^df^eg^bh^ci^ej^dk^fc^gb,56,3"
32.69723511,18,6582.199707,24.01727104,"*aMM0+++++*bNM2+++*cMN1+++*dLM2+++*eML1+++*fMO2*gOM1*hMK2*iKM1*jNL0*kLN0^ab^ac^ad^ae^cf^bg^eh^di^ej^bj^dk^ck,18,3"
32.72330093,10,5200.248535,33.90506744,"*aMM0*bNM2+++*cMN1+++*dLM2+++*eML1+++*fLN0*gNL0^ab^ac^ad^ae^df^fc^eg^gb,10,3"
34.17285919,10,5592.018066,32.74581528,"*aMM0+*bNM2+++*cMN1+++*dLM2+++*eML1+++*fLN0*gLL1+*hNL0*iNN2+^ab^ac^ad^ae^cf^dg^eh^bi,10,3"
34.4702301,10,6298.344727,35.1571579,"*aMM0---*bNM2+++*cMN1+++*dLM2+++*eML1+++*fLN0++*gNL0++*hOM1+++*iMO2+++*jMK2+++*kKM1+++^ab^ac^ad^ae^df^eg^bh^ci^ej^dk^fc^gb,10,3"
34.51914597,1,1744.017822,10.82523251,"*aMM0--*bNM2+*cMN1+*dLM2+*eML1+*fLN3------------------*gNL3------------------^ab^ac^ad^ae^df^eg^cf^gb,1,3"
35.34853745,15,7070.450195,33.17193604,"*aMM0+++++*bNM2+++*cMN1+++*dLM2+++*eML1+++*fNN0*gLL0*hON1+++*iNO2+++*jKL1+++*kLK2+++^ab^ac^ad^ae^bf^dg^fh^fi^gj^gk^cf^eg,15,3"
35.51125717,5,4859.668457,36.45337677,"*aMM0-----*bNM2+++*cMN1+++*dLM2+++*eML1+++*fLN0+*gNL0+^ab^ac^ad^ae^df^eg^fc,5,3"
35.58111954,5,4474.569336,37.02061081,"*aMM0-*bNM2++*cMN1++*dLM2++*eML1++*fLN0-*gNL0-^ab^ac^ad^ae^cf^eg,5,3"
36.38927078,2,2344.065918,9.253066063,"*aMM0+*bNM2+*cMN1+*dLM2+*eML1+*fNL3--*gLN3--^ab^ac^ad^ae^ef^dg^fb,2,3"
37.36566925,5,6690.624023,23.87981224,"*aMM0++++++*bNM2+++*cMN1+++*dLM1+++*eML2+++*fNL0*gLN0*hMO2*iOM1^ab^ac^ad^ae^ef^dg^ch^bi,5,3"
38.13166428,20,3547.598145,14.29299831,"*aMM0----*bNM2++*cMN1++*dLM2++*eML1++*fOM2+*gNN0-----*hNL3-*iMO1+*jLN3-*kKM2+*lLL0-----*mMK1+*nLO4*oOL4*pKN4*qNK4^ab^ac^ad^ae^bf^bg^bh^ci^cj^dk^dl^em^in^ho^kp^mq^cg^dj^eh^jn^fo^pj^hq^el,20,3"
39.92689133,20,8343.875977,15.57564259,"*aMM0+++++++*bNM2+++*cMN1+++*dLM2+++*eML1+++*fLL3+++*gNN3+++*hLN0++*iNL0++*jMO1++*kOM2++*lKM2++*mMK1++^ab^ac^ad^ae^ef^cg^dh^ei^cj^bk^dl^em,20,3"
40.08204651,5,5200.249023,35.14687347,"*aMM0*bNM2+++*cMN1+++*dLM2+++*eML1+++*fNL0*gLN0^ab^ac^ad^ae^bf^dg^gc^ef,5,3"
40.64830017,5,5243.392578,35.03704834,"*aMM0--*bNM2+++*cMN1+++*dLM2+++*eML1+++*fLN0+*gNL0+^ab^ac^ad^ae^df^eg^fc,5,3"
41.21637344,40,9057.913086,19.21414375,"*aMM0+*bNM2+++*cMN1+++*dLM2+++*eML1+++*fLN0++++++*gNL0++++++*hOM1+++*iMO2+++*jMK2+++*kKM1+++*lNN3+*mLL3++++++++^ab^ac^ad^ae^df^eg^bh^ci^ej^dk^cl^dm^fc^gb^bl^em,40,3"
41.44804764,5,5592.018066,33.9136734,"*aMM0+*bNM2+++*cMN1+++*dLM2+++*eML1+++*fLN0*gLL1+*hNL0*iNN2+^ab^ac^ad^ae^cf^dg^eh^bi,5,3"
41.44807816,10,6270.200195,24.83811569,"*aMM0+++++*bNM2+++*cMN1+++*dLM2+++*eML1+++*fLN0*gNL0^ab^ac^ad^ae^df^eg^gb^fc,10,3"
41.58937454,5,5382.641113,33.52053833,"*aMM0+*bNM2+++*cMN1+++*dLM2+++*eML1+++*fLN0*gNL0^ab^ac^ad^ae^cf^eg,5,3"
43.01111984,10,9294.96582,14.5016489,"*aMM0+++++*bNM2+++++*cMN1+++++*dLM2+++++*eML1+++++*fLL3+++++*gLN0+++++*hNL0+++++*iNN3+++++^ab^ac^ad^ae^ef^cg^eh^ci,10,3"
43.46321106,15,9105.734375,18.76511955,"*aMM0++++++++*bNM1+++*cMN2+++*dLM2+++*eML1+++*fLN0+++*gNL0+++*hOM1+++*iMO2+++*jMK2+++*kKM1+++^ab^ac^ad^ae^df^eg^bh^ci^ej^dk^fc^gb,15,3"
44.2574234,5,7070.450195,15.37778664,"*aMM0+++++*bNM2+++*cMN1+++*dLM2+++*eML1+++*fNN0*gLL0*iNO2+++*hON1+++*jKL1+++*kLK2+++^ab^ac^ad^ae^bf^cf^dg^eg^gj^fi^fh^gk,5,3"
45.1512146,20,9210.349609,20.83987236,"*aMM0+++++*bNM2+++*cMN1+++*dLM2+++*eML1+++*fNL0+++++*gLN0+++++*hOM1+++*iMO2+++*jMK2+++*kKM1+++^ab^ac^ad^ae^bf^dg^bh^ci^ej^dk^cg,20,3"
45.39175415,20,8988.099609,20.44210815,"*aMM0+++++*bNM2+++*cMN1+++*dLM2+++*eML1+++*fNL0+++++*gLN0+++++*hOM1++*iMO2++*jMK2++*kKM1++^ab^ac^ad^ae^bf^dg^bh^ci^ej^dk^cg,20,3"
45.45470047,5,6582.199707,26.15320396,"*aMM0+++++*bNM2+++*cMN1+++*dLM2+++*eML1+++*fMO1*gOM2*hKM2*iLN0*jMK1*kNL0^ab^ac^ad^ae^cf^bg^dh^di^ej^bk^ci^ke,5,3"
45.56171417,5,6426.200195,26.0207634,"*aMM0+++++*bNM2+++*cMN1+++*dLM2+++*eML1+++*fNN1*gNL0*hLN0*iLL2^ab^ac^ad^ae^bf^cf^eg^ch^di^ei,5,3"
45.69306946,5,6270.198242,25.79571342,"*aMM0+++++*bNM2+++*cMN1+++*dLM2+++*eML1+++*fNL0*gLN0^ab^ac^ad^ae^ef^dg,5,3"
45.75321198,5,6945.700195,28.14355659,"*aMM0+++++*bNM2+++++*cMN1+++++*dLM2+++++*eML1+++++*fNL0*gLN0^ab^ac^ad^ae^bf^dg,5,3"
46.62347412,18,5119.057617,15.19195557,"*aMM0+*bNM2+++*cMN1+++*dLM2+++*eML1+++*fMO4-*gOM4-*hMK4-*iKM4-*jNL0-*kLN0-*lNO3---------------------*mOL3---------------------*nLK3---------------------*oKN3---------------------^ab^ac^ad^ae^cf^bg^eh^di^ej^dk^bj^ck^fl^gm^hn^io,18,3"
47.30101776,10,6384.435059,28.12124062,"*aMM0---*bNM2+++*cMN1+++*dLM2+++*eML1+++*fNL0++++*gLN0++++^ab^ac^ad^ae^ef^bf^dg^cg,10,3"
48.22655869,15,3802.519531,12.48574734,"*aMM0---------*bNM2++*cMN1++*dLM2++*eML1++*fMO1+*gKM2+*hMK1+*iOM2+*jNL3+*kLN3+*lNN0-----*mLL0*nKN4*oNK4*pLO4*qOL4^ab^ac^ad^ae^cf^dg^eh^bi^ej^dk^bl^em^cl^dm^kc^jb^gn^ho^kp^pf^jq^qi,15,3"
48.47856522,10,7465.825684,25.65189743,"*aMM0+++*bNM2++*cMN1++*dLM2++*eML1++*fNN1++*gLN0+++*hLL2++*iNL0+++*jMO1+*kOM2+*lKM2+*mMK1+^ab^ac^ad^ae^bf^cf^dg^gc^dh^eh^bi^ei^cj^bk^dl^em,10,3"
48.60603333,10,9105.734375,19.33320618,"*aMM0++++++++*bNM1+++*cMN2+++*dLM2+++*eML1+++*fLN0+++*gNL0+++*hOM1+++*iMO2+++*jMK2+++*kKM1+++^ab^ac^ad^ae^df^eg^bh^ci^ej^dk^fc^gb,10,3"
48.66128922,10,8521.591797,22.42671204,"*aMM0++++++*bNM2+++*cMN1+++*dLM2+++*eML1+++*fLN0+++*gNL0+++*hOM1+++*iMO2+++*jMK2+++*kKM1+++^ab^ac^ad^ae^df^eg^bh^ci^ej^dk^fc^gb,10,3"
49.33983231,15,9210.349609,21.12669945,"*aMM0+++++*bNM2+++*cMN1+++*dLM2+++*eML1+++*fNL0+++++*gLN0+++++*hOM1+++*iMO2+++*jMK2+++*kKM1+++^ab^ac^ad^ae^bf^dg^bh^ci^ej^dk^cg,15,3"
49.74513626,20,6291.281738,15.20641327,"*aMM0+++++*bNM2++*cMN1++*dLM2++*eML1++*fOM2+*gNN0-*hNL3*iMO1+*jLN3*kKM2+*lLL0-*mMK1+*nLO4*oOL4*pKN4*qNK4^ab^ac^ad^ae^bf^bg^bh^ci^cj^dk^dl^em^in^ho^kp^mq^cg^dj^eh^jn^fo^pj^le,20,3"
50.41148376,5,6340.180176,28.44025993,"*aMM0++*bNM2+++*cMN1+++*dLM2+++*eML1+++*fNL0++*gLN0++^ab^ac^ad^ae^ef^dg,5,3"
50.58530807,5,9216.141602,17.48577118,"*aMM0++++++++++*bNM2+++++*cMN1+++++*dLM2+++++*eML1+++++*fNL0++*gLN0++^ab^ac^ad^ae^ef^dg,5,3"
50.76874924,5,7583.599121,27.62294769,"*aMM0++++*bNM2+++*cMN1+++*dLM2+++*eML1+++*fLN0++*gNL0++*hOM1+++*iMO2+++*jMK2+++*kKM1+++^ab^ac^ad^ae^df^eg^bh^ci^ej^dk^fc^gb,5,3"
51.35989761,5,6553.562012,27.02127647,"*aMM0+++*bNM2+++*cMN1+++*dLM2+++*eML1+++*fNL0++*gLN0++^ab^ac^ad^ae^ef^dg,5,3"
53.65878296,10,8343.875977,16.91954422,"*aMM0+++++++*bNM2+++*cMN1+++*dLM2+++*eML1+++*fLL3+++*gNN3+++*hLN0++*iNL0++*jMO1++*kOM2++*lKM2++*mMK1++^ab^ac^ad^ae^ef^cg^dh^ei^cj^bk^dl^em,10,3"
53.81633377,10,9210.349609,21.26340103,"*aMM0+++++*bNM2+++*cMN1+++*dLM2+++*eML1+++*fNL0+++++*gLN0+++++*hOM1+++*iMO2+++*jMK2+++*kKM1+++^ab^ac^ad^ae^bf^dg^bh^ci^ej^dk^cg,10,3"
54.24689102,10,8988.099609,20.83014297,"*aMM0+++++*bNM2+++*cMN1+++*dLM2+++*eML1+++*fNL0+++++*gLN0+++++*hOM1++*iMO2++*jMK2++*kKM1++^ab^ac^ad^ae^bf^dg^bh^ci^ej^dk^cg,10,3"
54.47465515,5,9105.734375,25.86495972,"*aMM0++++++++*bNM1+++*cMN2+++*dLM2+++*eML1+++*fLN0+++*gNL0+++*hOM1+++*iMO2+++*jMK2+++*kKM1+++^ab^ac^ad^ae^df^eg^bh^ci^ej^dk^fc^gb,5,3"
54.72687912,5,8521.591797,22.97290611,"*aMM0++++++*bNM2+++*cMN1+++*dLM2+++*eML1+++*fLN0+++*gNL0+++*hOM1+++*iMO2+++*jMK2+++*kKM1+++^ab^ac^ad^ae^df^eg^bh^ci^ej^dk^fc^gb,5,3"
55.67790604,18,3915.212158,13.9718132,"*aMM0---*bNM2++*cMN1++*dLM2++*eML1++*fOM2+*gNN0----*hNL3*iMO1+*jLN3*kKM2+*lLL0----*mMK1+*nLO4*oOL4*pKN4*qNK4^ab^ac^ad^ae^bf^bg^bh^ci^cj^dk^dl^em^in^ho^kp^mq^cg^dj^eh^jn^fo^pj^hq^le,18,3"
55.69178009,18,3915.212158,13.97173214,"*aMM0---*bNM2++*cMN1++*dLM2++*eML1++*fOM2+*gNN0----*hNL3*iMO1+*jLN3*kKM2+*lLL0----*mMK1+*nLO4*oOL4*pKN4*qNK4^ab^ac^ad^ae^bf^bg^bh^ci^cj^dk^dl^em^in^ho^kp^mq^cg^dj^eh^jn^fo^pj^le,18,3"
57.75774765,5,7609.104492,15.31356049,"*aMM0+++++*bNM2+++*cMN1+++*dLM2+++*eML1+++*fNL0++*gLN0++*hNN3*iLL3*jMO1+*kOM2+*lKM2+*mMK1+^ab^ac^ad^ae^ef^cg^bh^di^ch^ei^cj^bk^dl^em,5,3"
59.26360703,5,9210.349609,21.51813316,"*aMM0+++++*bNM2+++*cMN1+++*dLM2+++*eML1+++*fNL0+++++*gLN0+++++*hOM1+++*iMO2+++*jMK2+++*kKM1+++^ab^ac^ad^ae^bf^dg^bh^ci^ej^dk^cg,5,3"
59.56993484,18,3547.5979,14.00551319,"*aMM0----*bNM2++*cMN1++*dLM2++*eML1++*fOM2+*gNN0-----*hNL3-*iMO1+*jLN3-*kKM2+*lLL0-----*mMK1+*nLO4*oOL4*pKN4*qNK4^ab^ac^ad^ae^bf^bg^bh^ci^cj^dk^dl^em^in^ho^kp^mq^cg^dj^eh^jn^fo^pj^hq^el,18,3"
59.62399673,5,8988.099609,20.92098999,"*aMM0+++++*bNM2+++*cMN1+++*dLM2+++*eML1+++*fNL0+++++*gLN0+++++*hOM1++*iMO2++*jMK2++*kKM1++^ab^ac^ad^ae^bf^dg^bh^ci^ej^dk^cg,5,3"
59.66614914,5,7669.691406,22.51889038,"*aMM0++++*bNM2+++*cMN1+++*dLM2+++*eML1+++*fNL0++++*gLN0++++^ab^ac^ad^ae^ef^dg,5,3"
59.7653923,5,8988.099609,20.98243523,"*aMM0+++++*bNM2+++*cMN1+++*dLM2+++*eML1+++*fNL0+++++*gLN0+++++*hOM1++*iMO2++*jMK2++*kKM1++^ab^ac^ad^ae^bf^dg^bh^ci^ej^dk^cg,5,3"
61.55010605,25,11788.90137,17.9944973,"*aMM0++*bNM3----*cMN3---*dLM3----*eML3-----*fOM2+++*gMO1+++*hKM2+++*iMK1+++*jPM4*kON4*lOL4*mNO4*nMP4*oLO4*pKN4*qJM4*rKL4*sNK4*tLK4*uMJ4*vLN0+++++++++*wNL0+++++++++*xOK1+++++*yNJ4*zOJ4*!PK4*@PL4*#OO4*$NN2+++++*%KO2+++++*&LP4*(KP4*)LL1+++++*_KK4^ab^ac^ad^ae^bf^cg^dh^ei^fj^fk^fl^gm^gn^go^hp^hq^hr^is^it^iu^dv^ew^sx^uy^yz^x!^!@^k#^b$^p%^o&^%(^t)^t_^vc^bw^lx^ys^zx^@j^m#^c$^vo^%o^wl^)e^)d^l@,25,3"
62.18696594,5,8343.875977,16.75326538,"*aMM0+++++++*bNM2+++*cMN1+++*dLM2+++*eML1+++*fLL3+++*gNN3+++*hLN0++*iNL0++*jMO1++*kOM2++*lKM2++*mMK1++^ab^ac^ad^ae^ef^cg^dh^ei^cj^bk^dl^em,5,3"
65.73288727,15,3183.202148,12.86773872,"*aMM0---*bNM2++*cMN1++*dLM2++*eML1++*fOM2*gNN0-------*hNL3*iMO1*jLN3*kKM2*lLL0-------*mMK1*nLO4*oOL4*pKN4*qNK4^ab^ac^ad^ae^bf^bg^bh^ci^cj^dk^dl^em^in^ho^kp^mq^cg^dj^eh^jn^fo^pj^hq,15,3"
69.6021347,16,3915.212158,13.65629864,"*aMM0---*bNM2++*cMN1++*dLM2++*eML1++*fOM2+*gNN0----*hNL3*iMO1+*jLN3*kKM2+*lLL0----*mMK1+*nLO4*oOL4*pKN4*qNK4^ab^ac^ad^ae^bf^bg^bh^ci^cj^dk^dl^em^in^ho^kp^mq^cg^dj^eh^jn^fo^pj^le,16,3"
74.4392395,5,3915.212158,12.09534073,"*aMM0---*bNM2++*cMN1++*dLM2++*eML1++*fOM2+*gNN0----*hNL3*iMO1+*jLN3*kKM2+*lLL0----*mMK1+*nLO4*oOL4*pKN4*qNK4^ab^ac^ad^ae^bf^bg^bh^ci^cj^dk^dl^em^in^ho^kp^mq^cg^dj^eh^jn^fo^pj^hq^el,5,3"
74.44484711,2,4170.623047,11.20048809,"*aMM0---*bNM2++*cMN1++*dLM2++*eML1++*fOM2+*gNN0---*hNL3*iMO1+*jLN3*kKM2+*lLL0---*mMK1+*nLO4*oOL4*pKN4*qNK4^ab^ac^ad^ae^bf^bg^bh^ci^cj^dk^dl^em^in^ho^kp^mq^cg^dj^eh^jn^fo^pj^le,2,3"
74.44891357,15,3547.598145,13.57540703,"*aMM0----*bNM2++*cMN1++*dLM2++*eML1++*fOM2+*gNN0-----*hNL3-*iMO1+*jLN3-*kKM2+*lLL0-----*mMK1+*nLO4*oOL4*pKN4*qNK4^ab^ac^ad^ae^bf^bg^bh^ci^cj^dk^dl^em^in^ho^kp^mq^cg^dj^eh^jn^fo^pj^hq^el,15,3"
74.45162964,15,3671.954102,13.57447624,"*aMM0-----*bNM2++*cMN1++*dLM2++*eML1++*fOM2+*gNN0----*hNL3*iMO1+*jLN3*kKM2+*lLL0----*mMK1+*nLO4*oOL4*pKN4*qNK4^ab^ac^ad^ae^bf^bg^bh^ci^cj^dk^dl^em^in^ho^kp^mq^cg^dj^eh^fo^pj^hq^el,15,3"
74.4520874,16,3547.5979,13.72150898,"*aMM0----*bNM2++*cMN1++*dLM2++*eML1++*fOM2+*gNN0-----*hNL3-*iMO1+*jLN3-*kKM2+*lLL0-----*mMK1+*nLO4*oOL4*pKN4*qNK4^ab^ac^ad^ae^bf^bg^bh^ci^cj^dk^dl^em^in^ho^kp^mq^cg^dj^eh^jn^fo^pj^hq^el,16,3"
74.45224762,15,3671.954102,13.5744791,"*aMM0-----*bNM2++*cMN1++*dLM2++*eML1++*fOM2+*gNN0----*hNL3*iMO1+*jLN3*kKM2+*lLL0----*mMK1+*nLO4*oOL4*pKN4*qNK4^ab^ac^ad^ae^bf^bg^bh^ci^cj^dk^dl^em^in^ho^kp^mq^cg^dj^eh^fo^pj^hq^el,15,3"
74.46095276,15,3547.598145,13.5755415,"*aMM0----*bNM2++*cMN1++*dLM2++*eML1++*fOM2+*gNN0-----*hNL3-*iMO1+*jLN3-*kKM2+*lLL0-----*mMK1+*nLO4*oOL4*pKN4*qNK4^ab^ac^ad^ae^bf^bg^bh^ci^cj^dk^dl^em^in^ho^kp^mq^cg^dj^eh^jn^fo^pj^hq^el,15,3"
74.46121979,10,3915.212158,12.84577847,"*aMM0---*bNM2++*cMN1++*dLM2++*eML1++*fOM2+*gNN0----*hNL3*iMO1+*jLN3*kKM2+*lLL0----*mMK1+*nLO4*oOL4*pKN4*qNK4^ab^ac^ad^ae^bf^bg^bh^ci^cj^dk^dl^em^in^ho^kp^mq^cg^dj^eh^jn^fo^pj^hq^el,10,3"
74.4656601,15,3671.954102,13.57440281,"*aMM0-----*bNM2++*cMN1++*dLM2++*eML1++*fOM2+*gNN0----*hNL3*iMO1+*jLN3*kKM2+*lLL0----*mMK1+*nLO4*oOL4*pKN4*qNK4^ab^ac^ad^ae^bf^bg^bh^ci^cj^dk^dl^em^in^ho^kp^mq^cg^dj^eh^fo^pj^hq^el,15,3"
74.47193909,2,4170.623047,11.19568348,"*aMM0---*bNM2++*cMN1++*dLM2++*eML1++*fOM2+*gNN0---*hNL3*iMO1+*jLN3*kKM2+*lLL0---*mMK1+*nLO4*oOL4*pKN4*qNK4^ab^ac^ad^ae^bf^bg^bh^ci^cj^dk^dl^em^in^ho^kp^mq^cg^dj^eh^jn^fo^pj^le,2,3"
74.58441162,5,2471.746094,8.956227303,"*aMM0*bNM2++*cMN1++*dLM2++*eML1++*fNL3++++++++++++*gLN3++++++++++++^ab^ac^ad^ae^ef^dg,5,3"
